y_true,y_pred,y_prob
0,0,0.0012928765499964356
0,0,0.0008043648558668792
0,0,0.013171999715268612
0,0,0.00413039093837142
0,0,4.771248859469779e-05
0,0,1.7296128135058098e-05
0,0,0.46778392791748047
0,0,4.7711942897876725e-05
0,0,0.0016019943868741393
0,0,4.771262319991365e-05
0,0,0.022124752402305603
0,0,4.771207386511378e-05
0,0,0.03639319911599159
0,0,4.771221210830845e-05
1,1,1.0
0,0,4.771198655362241e-05
0,0,0.3749939799308777
0,0,4.7713081585243344e-05
1,1,0.9489850997924805
0,0,1.703914131212514e-05
0,0,1.6921156202442944e-05
1,1,0.8788183927536011
0,0,0.012177297845482826
0,0,4.771153180627152e-05
0,0,0.020387781783938408
0,0,0.0012627640971913934
0,0,1.678622720646672e-05
0,0,1.680738751019817e-05
0,0,0.0007230120827443898
1,1,0.9326527714729309
0,0,1.6805881386972032e-05
0,0,4.771189924213104e-05
0,0,0.0017919043311849236
0,0,0.01811816729605198
0,0,0.03951641172170639
0,0,4.770884697791189e-05
0,0,4.77136236440856e-05
0,0,1.6779777070041746e-05
0,0,0.0019363582832738757
0,0,0.002266148803755641
0,0,0.0019183799158781767
1,1,0.8819640874862671
1,1,0.9081379175186157
0,0,0.06544352322816849
0,0,1.680145760474261e-05
0,0,0.00010157170618185773
0,0,0.001781935803592205
1,1,0.9598512053489685
0,0,0.0002111268840963021
0,0,0.13978813588619232
0,0,0.17217464745044708
0,0,1.6888832760741934e-05
0,0,0.0008453166228719056
0,0,1.679456909187138e-05
0,0,4.771189924213104e-05
0,0,4.771221210830845e-05
0,0,0.004927757196128368
0,0,0.00021107355132699013
0,0,0.00022238052042666823
0,0,4.7712030209368095e-05
0,0,0.37464475631713867
0,0,1.6788517314125784e-05
0,0,4.7712666855659336e-05
0,0,4.7711804654682055e-05
0,0,0.00035240972647443414
1,1,0.949637234210968
1,0,0.37418216466903687
0,0,0.00011688322410918772
0,0,4.7711440856801346e-05
0,0,0.000399502256186679
0,0,4.771221210830845e-05
1,1,0.9622739553451538
0,0,4.77116227557417e-05
0,0,0.00024365761782974005
0,0,0.0002164338220609352
0,0,0.006969403475522995
1,1,0.9210523962974548
0,0,0.06743797659873962
0,0,0.024988753721117973
0,0,0.00012733119365293533
0,0,0.0002116672694683075
0,0,4.771367093781009e-05
0,0,4.7713394451420754e-05
1,1,0.9866077899932861
0,0,4.7712306695757434e-05
1,1,0.6453560590744019
0,0,0.005876676645129919
1,1,0.7855002284049988
0,0,0.0007733023958280683
0,0,1.6793528629932553e-05
0,0,0.0016054346924647689
0,0,0.00022617436479777098
0,0,4.7712666855659336e-05
0,0,1.6772497474448755e-05
0,0,1.6915702872211114e-05
0,0,0.0018802393460646272
0,0,0.016865039244294167
0,0,0.003134092316031456
0,0,0.0004237045650370419
0,0,0.31123387813568115
0,0,4.7713805543025956e-05
0,0,0.016228072345256805
0,0,1.7216525520780124e-05
0,0,4.771212479681708e-05
0,0,0.00026046865968964994
0,0,0.003907324280589819
0,0,4.771171370521188e-05
0,0,0.2482505589723587
0,0,0.020574606955051422
0,0,2.5895642465911806e-05
0,0,4.7711942897876725e-05
0,0,4.771189924213104e-05
0,0,0.39011529088020325
0,0,2.399134245933965e-05
1,1,0.968203067779541
0,0,0.006096042692661285
0,0,2.147200211766176e-05
0,0,4.7711579099996015e-05
0,0,9.77486779447645e-05
0,1,0.5244553685188293
1,1,0.9234944581985474
0,0,0.025415275245904922
0,0,0.000639676523860544
0,0,0.007026003208011389
0,0,0.0019199426751583815
0,0,2.0249992303433828e-05
1,1,0.9746617674827576
0,0,0.0028417932335287333
0,0,0.006082331761717796
0,0,4.7711942897876725e-05
0,0,1.6932406651903875e-05
0,0,0.001772294519469142
0,0,0.03232297673821449
0,0,0.0015647619729861617
0,0,4.7713394451420754e-05
0,0,4.77136236440856e-05
0,0,4.77132634841837e-05
0,0,0.00032438142807222903
0,0,1.6863306882441975e-05
0,0,4.7709076170576736e-05
0,0,0.00037480759783647954
0,0,0.050185054540634155
0,0,9.674531611381099e-05
0,0,0.0001485517859691754
0,0,1.9558274289011024e-05
1,1,0.9536738991737366
0,0,0.008730161003768444
1,1,0.844293475151062
0,0,0.0002820184745360166
0,0,0.060802191495895386
0,0,4.771421299665235e-05
1,1,0.9999147653579712
1,1,0.9856987595558167
0,0,0.03987215831875801
0,0,0.048856738954782486
0,0,4.7712030209368095e-05
0,0,4.771376188728027e-05
0,0,4.771148451254703e-05
0,0,0.0017807319527491927
1,1,0.7286883592605591
0,0,0.0008382133673876524
1,1,0.8864427208900452
0,0,0.03167705237865448
1,1,0.9002566933631897
0,0,8.899780368665233e-05
0,0,4.7711579099996015e-05
0,0,0.0052009583450853825
0,0,0.013732654973864555
0,0,4.7713805543025956e-05
0,0,4.771248859469779e-05
0,0,4.7712306695757434e-05
0,0,4.7713532694615424e-05
1,1,0.962668240070343
0,0,4.770884697791189e-05
1,1,0.9999837875366211
0,0,1.688633710728027e-05
0,0,4.771189924213104e-05
0,0,0.0013570641167461872
1,1,0.9391218423843384
0,0,1.9182058167643845e-05
0,0,0.0008078641840256751
0,0,0.001577704562805593
0,0,4.771176099893637e-05
0,0,0.2975560128688812
0,0,1.6782736565801315e-05
0,0,1.678994158282876e-05
0,0,4.7709028876852244e-05
0,0,4.771262319991365e-05
0,0,0.010289952158927917
0,0,1.6894889995455742e-05
0,0,4.771198655362241e-05
0,0,1.6849820895004086e-05
0,0,0.0002695028088055551
0,0,4.771171370521188e-05
0,0,0.0011051007313653827
1,1,0.6127312183380127
0,0,0.0027682355139404535
1,1,0.9896429777145386
0,0,1.80485840246547e-05
0,0,4.7713307139929384e-05
0,0,4.7712030209368095e-05
0,0,1.7511540136183612e-05
0,0,4.7712030209368095e-05
0,0,0.0017852257005870342
0,0,0.0104674706235528
0,0,0.001543260645121336
0,0,4.7712579544167966e-05
0,0,0.0001326644269283861
0,0,1.688946213107556e-05
0,0,4.771176099893637e-05
0,0,0.12129369378089905
0,0,0.0018639456247910857
0,0,1.9550814613467082e-05
0,0,0.00538999168202281
0,0,4.771371459355578e-05
0,0,4.7712030209368095e-05
0,0,0.0026098336093127728
0,0,4.7711393563076854e-05
0,0,4.771184831042774e-05
0,0,0.0014636568957939744
0,0,0.0007984659168869257
0,0,0.000524921459145844
0,0,0.1294526606798172
0,0,4.77116227557417e-05
0,0,4.771189924213104e-05
0,0,0.011384602636098862
0,0,4.771207386511378e-05
0,0,0.009889054112136364
0,0,4.7711393563076854e-05
0,0,0.0021715869661420584
0,0,4.771112435264513e-05
0,0,0.00358758051879704
0,0,0.0014381523942574859
0,0,4.771189924213104e-05
0,0,1.911520303110592e-05
0,0,0.003945337608456612
0,0,4.7711666411487386e-05
0,0,0.0131150484085083
0,0,0.10274677723646164
1,1,0.9808118343353271
0,0,4.771171370521188e-05
0,0,4.771221210830845e-05
0,0,0.0015569815877825022
0,0,0.03267032280564308
0,0,0.04192548617720604
0,0,4.7712943342048675e-05
0,0,0.00616061594337225
1,1,1.0
0,0,0.05567029118537903
0,0,0.004032307304441929
0,0,0.01333210151642561
0,0,4.771221210830845e-05
0,0,4.771184831042774e-05
0,0,0.060197312384843826
0,0,0.01326137688010931
0,0,4.7712805098854005e-05
0,0,4.7711804654682055e-05
0,0,1.6780881196609698e-05
1,1,0.9990782737731934
0,0,0.0006879868451505899
0,0,1.688636803010013e-05
0,0,4.7713441745145246e-05
1,1,0.9855663776397705
0,0,0.003950818441808224
0,0,1.6820134987938218e-05
1,1,0.9492733478546143
0,0,1.69339582498651e-05
0,0,0.00019324339518789202
0,0,1.680134482739959e-05
0,0,0.019731532782316208
0,0,4.7712579544167966e-05
0,0,4.771212479681708e-05
0,0,4.771221210830845e-05
0,0,1.931525366671849e-05
0,0,0.08629205822944641
0,0,4.771289968630299e-05
0,0,0.013324652798473835
0,0,0.1856871098279953
0,0,4.771284875459969e-05
0,0,1.6957341358647682e-05
0,0,4.771212479681708e-05
0,0,1.7251139070140198e-05
0,0,4.7713943786220625e-05
0,0,0.011059151031076908
0,0,4.771276144310832e-05
0,0,0.0006241561495698988
0,0,1.7112943169195205e-05
0,0,0.053355563431978226
0,0,0.0026162161957472563
1,1,0.9477908611297607
0,0,4.7713081585243344e-05
0,0,4.7713441745145246e-05
0,0,1.6920188500080258e-05
0,0,4.7712030209368095e-05
0,0,1.7012966054608114e-05
0,0,0.45785796642303467
0,0,4.7711393563076854e-05
0,0,0.00021211092825978994
0,0,0.00021660930360667408
1,1,0.97923344373703
0,0,4.771153180627152e-05
0,0,0.00023315162979997694
0,0,0.0019006477668881416
0,0,4.771248859469779e-05
0,0,4.7712666855659336e-05
0,0,4.7714031097711995e-05
0,0,4.771276144310832e-05
0,0,0.0015436470275744796
0,0,0.00024370942264795303
0,0,1.6784706531325355e-05
0,0,0.0035635398235172033
1,1,0.9997958540916443
0,0,4.771276144310832e-05
0,0,4.771176099893637e-05
0,0,4.771176099893637e-05
0,0,0.0001224437728524208
0,0,0.2704145014286041
0,0,0.23293036222457886
0,0,1.697570587566588e-05
0,0,0.00012018494453513995
1,1,0.9990532994270325
0,0,0.0009598369360901415
0,0,0.0006786365993320942
0,0,0.01349986344575882
0,0,1.6880281691555865e-05
0,0,0.3258843421936035
0,1,0.9326392412185669
0,0,4.7711666411487386e-05
0,0,0.0002216094289906323
0,0,1.9613225958892144e-05
0,0,0.05991961434483528
0,0,4.7711393563076854e-05
1,1,0.977033793926239
0,0,4.771248859469779e-05
0,0,0.03412921726703644
0,0,0.0012528933584690094
0,0,0.0008352103759534657
0,0,4.7712030209368095e-05
0,0,4.770884697791189e-05
0,0,4.7711804654682055e-05
0,0,0.00012557473382912576
0,0,4.7711302613606676e-05
0,0,4.77116227557417e-05
0,0,4.7711804654682055e-05
0,0,4.7712805098854005e-05
0,0,1.8641592760104686e-05
0,0,0.010706973262131214
1,1,0.9999678134918213
0,0,0.16382592916488647
0,0,0.024207981303334236
0,0,0.017492035403847694
0,0,0.002276366576552391
0,0,0.0023214886896312237
0,0,0.1775633692741394
0,0,0.00039580019074492157
0,0,1.6856298316270113e-05
0,0,1.688078191364184e-05
0,0,1.677942600508686e-05
0,0,8.930648618843406e-05
0,0,0.010128590278327465
0,0,4.771153180627152e-05
0,0,4.7711804654682055e-05
0,0,4.7714580432511866e-05
0,0,0.00021167777595110238
0,0,1.6895164662855677e-05
0,0,0.0006867537158541381
0,0,0.009669900871813297
1,1,0.98459792137146
0,0,0.015539648942649364
0,0,4.771271414938383e-05
0,0,0.3156708776950836
0,0,0.49937230348587036
0,0,0.1265786588191986
0,0,4.7712666855659336e-05
1,1,0.9999994039535522
0,0,6.943789776414633e-05
1,1,0.9995703101158142
0,0,0.07904328405857086
0,0,0.0019193405751138926
0,0,4.7711393563076854e-05
0,0,4.7712030209368095e-05
0,0,4.7711666411487386e-05
0,0,4.771184831042774e-05
0,0,0.005071202293038368
0,0,0.02582539990544319
0,0,4.7714031097711995e-05
0,0,1.7053966075764038e-05
0,0,0.001982571557164192
0,0,4.771198655362241e-05
0,0,8.568132761865854e-05
0,0,0.0009066819329746068
0,0,0.002093730727210641
1,1,0.986947774887085
1,1,0.9648662805557251
1,1,0.7085508704185486
1,1,0.9813435673713684
0,0,0.0033701916690915823
0,0,0.006280321162194014
0,0,4.7711942897876725e-05
0,0,0.00566308107227087
0,0,1.9325589164509438e-05
0,0,1.6863179553183727e-05
0,0,0.0062710558995604515
0,0,0.014913633465766907
0,0,0.0009385464945808053
0,0,0.0015298714861273766
0,0,0.047968849539756775
0,0,4.771312524098903e-05
0,0,1.706213333818596e-05
0,0,4.771184831042774e-05
0,0,0.007594982162117958
0,0,4.77132125524804e-05
0,0,0.0002225824719062075
0,0,0.0016192557523027062
0,0,0.0021236359607428312
0,0,0.003312569111585617
0,0,4.771225940203294e-05
1,1,0.9876605272293091
0,0,0.0015922391321510077
0,0,0.0017774936277419329
0,0,4.7712030209368095e-05
0,0,0.00022016822185833007
0,0,1.6844742276589386e-05
0,0,0.0007186256698332727
0,0,0.00695083849132061
1,1,0.9985142350196838
0,0,0.42516568303108215
0,0,1.6791878806543536e-05
0,0,0.005210495088249445
0,0,0.0015505783958360553
0,0,0.0008640766027383506
0,0,0.00029977376107126474
0,0,4.7711942897876725e-05
0,0,4.7711666411487386e-05
0,0,0.0001263129524886608
0,0,4.7711302613606676e-05
0,0,4.771189924213104e-05
0,0,4.7711804654682055e-05
0,0,4.771189924213104e-05
1,1,0.9816821217536926
0,0,4.7711666411487386e-05
0,0,2.251978912681807e-05
0,0,0.011496292427182198
0,0,0.007653156761080027
0,0,2.19985049625393e-05
1,1,0.955928385257721
0,0,0.009237140417098999
0,0,0.3134073317050934
0,0,0.01224251464009285
0,0,0.0052171326242387295
0,0,0.04141572490334511
0,0,0.07231175899505615
0,0,4.7711804654682055e-05
0,0,4.771225940203294e-05
0,0,0.0002166278864024207
0,0,0.0012736462522298098
0,0,0.005855628754943609
0,0,0.00023065050481818616
1,1,0.951073169708252
0,0,4.7712394007248804e-05
1,1,0.7179863452911377
0,0,0.00018702207307796925
0,0,4.771298699779436e-05
0,0,0.029536383226513863
0,0,1.697149855317548e-05
0,0,0.0002103615115629509
0,0,1.6792584574432112e-05
0,0,4.771207386511378e-05
0,0,0.0006579664768651128
1,1,0.7724589109420776
0,0,0.022985564544796944
0,0,0.3875546455383301
0,0,0.0015518899308517575
0,0,4.771207386511378e-05
0,0,0.002282120054587722
1,1,0.9546714425086975
0,0,0.00022067302779760212
0,0,0.0003074873238801956
0,0,0.0012834453955292702
0,0,0.008800366893410683
0,0,1.720776162983384e-05
0,0,4.771171370521188e-05
1,1,0.962874710559845
0,0,1.682672882452607e-05
0,0,4.771212479681708e-05
0,0,4.771148451254703e-05
0,0,4.771221210830845e-05
0,0,4.771248859469779e-05
0,0,0.020685318857431412
0,0,4.771284875459969e-05
0,0,4.771184831042774e-05
0,0,4.771171370521188e-05
0,0,0.00620603421702981
0,0,0.0002750081184785813
0,0,4.771276144310832e-05
0,0,4.771348903886974e-05
1,1,0.7457515001296997
1,1,0.9655559062957764
0,0,0.0007736366824246943
0,1,0.7417498826980591
0,0,0.00021255065803416073
0,0,0.023556696251034737
1,1,0.9985163807868958
0,0,0.0006862946902401745
0,0,0.0016483134822919965
1,1,0.9999995231628418
1,1,0.9999690055847168
0,0,4.771503517986275e-05
0,0,8.921158587327227e-05
0,0,0.01981315203011036
0,0,4.771284875459969e-05
0,0,8.95845441846177e-05
0,0,1.6783009414211847e-05
0,0,0.3285394310951233
0,0,0.19519264996051788
0,0,0.005238831974565983
1,1,0.8228808045387268
0,0,0.005793961230665445
0,0,4.771176099893637e-05
0,0,0.005246824584901333
0,0,4.771153180627152e-05
0,0,1.7226315321750008e-05
0,0,4.771221210830845e-05
0,0,4.771221210830845e-05
0,0,0.04314408451318741
0,0,0.3188038766384125
0,0,4.771248859469779e-05
0,0,1.679559500189498e-05
0,0,0.16382014751434326
1,1,0.9776579141616821
0,0,0.00010762907186290249
0,0,0.00021333152835723013
0,0,0.00010266045137541369
0,0,1.717077975627035e-05
0,0,0.050874873995780945
0,0,4.7709028876852244e-05
1,1,0.9944049119949341
0,0,1.6941921785473824e-05
0,0,0.010565991513431072
0,0,4.77116227557417e-05
0,0,1.6789508663350716e-05
1,1,0.9965888261795044
0,0,0.0016580445226281881
0,0,0.1610124260187149
0,0,0.38815319538116455
0,0,0.005403436720371246
0,0,0.007110574282705784
0,0,0.0003502844483591616
0,0,0.01489325426518917
1,1,0.8175011277198792
0,0,0.08602403104305267
0,0,4.771198655362241e-05
1,1,0.9736390113830566
0,0,0.004647068213671446
1,1,0.9685394167900085
0,0,4.771153180627152e-05
1,1,0.9795992374420166
0,0,4.7712394007248804e-05
0,0,0.0061430418863892555
0,0,0.0012721894308924675
0,0,0.1969967931509018
1,1,0.9764236807823181
1,1,0.9453505873680115
1,1,0.9985175728797913
0,0,0.003917533904314041
0,0,4.771221210830845e-05
0,0,0.014446732588112354
0,0,4.771412568516098e-05
0,0,0.0013060574419796467
0,0,0.00042145533370785415
0,0,0.00021818857931066304
0,0,0.2234264314174652
0,0,0.0002163294266210869
0,0,0.005956783890724182
0,0,4.7712306695757434e-05
1,1,0.9528822302818298
0,0,1.921950388350524e-05
0,0,4.77132634841837e-05
0,0,0.030235636979341507
0,0,4.771212479681708e-05
0,0,0.001177564961835742
0,0,0.003214380005374551
0,0,0.028344737365841866
0,0,4.7712666855659336e-05
0,0,4.7712943342048675e-05
1,1,0.9450663328170776
0,0,4.7709028876852244e-05
0,0,0.005803712178021669
0,0,0.0006057702121324837
0,0,0.002500278642401099
0,0,0.0037736562080681324
0,0,0.00040371622890233994
0,1,0.9140741229057312
0,0,4.771271414938383e-05
0,0,4.7712030209368095e-05
0,0,0.010715365409851074
0,0,4.771248859469779e-05
0,0,4.771284875459969e-05
0,0,0.0004027113027404994
0,0,0.005418798420578241
0,0,1.6910573322093114e-05
0,0,4.771376188728027e-05
0,0,0.0031944941729307175
0,0,1.6851363398018293e-05
0,0,0.0005924422293901443
0,0,1.6774913092376664e-05
0,0,4.771248859469779e-05
1,1,0.9222062826156616
0,0,0.0014755838783457875
0,0,1.6920026610023342e-05
0,0,0.011571536771953106
0,0,0.003881311509758234
0,0,1.6948612028500065e-05
0,0,0.005092041101306677
0,0,0.004419177304953337
0,0,0.005617455113679171
0,0,0.11737722903490067
0,0,0.00027357766521163285
0,0,4.7711942897876725e-05
0,0,0.001900785369798541
0,0,0.035138070583343506
0,0,0.00358038442209363
0,0,0.0015654877061024308
0,0,0.000180815375642851
0,0,0.0005853028269484639
0,0,4.7712306695757434e-05
0,0,4.771207386511378e-05
0,0,1.7437681890442036e-05
0,0,4.771212479681708e-05
0,0,4.771367093781009e-05
0,0,4.7708890633657575e-05
0,0,4.771153180627152e-05
0,0,1.721483567962423e-05
0,0,4.7713081585243344e-05
0,0,4.771248859469779e-05
0,0,4.7712579544167966e-05
0,0,4.771248859469779e-05
1,1,0.9995262622833252
0,0,4.771248859469779e-05
0,0,1.7111260603996925e-05
0,0,4.7713579988339916e-05
0,0,4.771212479681708e-05
0,0,4.771212479681708e-05
0,0,4.771490057464689e-05
0,0,4.771248859469779e-05
0,0,0.011411946266889572
0,0,1.7288606613874435e-05
0,0,0.00022373271349351853
0,0,1.773489566403441e-05
0,0,0.001091424492187798
0,0,1.761253224685788e-05
0,0,0.007326238323003054
0,0,0.0017301338957622647
0,0,1.733298267936334e-05
0,0,0.006132614333182573
0,0,1.688706106506288e-05
0,0,4.7712306695757434e-05
0,0,4.7712441300973296e-05
0,0,0.02885737456381321
0,0,4.771184831042774e-05
0,0,0.004264547489583492
0,0,4.771176099893637e-05
0,0,4.7711804654682055e-05
0,0,0.013651910237967968
0,0,4.7713168896734715e-05
0,0,1.902884650917258e-05
0,0,4.771640305989422e-05
0,0,0.010647757910192013
0,0,1.68750666489359e-05
0,0,1.6953203157754615e-05
0,0,4.771221210830845e-05
0,0,0.0018198131583631039
1,1,0.9576550126075745
0,0,1.698294363450259e-05
0,0,4.7708803322166204e-05
0,0,4.77116227557417e-05
0,0,0.013115406036376953
0,0,4.7712306695757434e-05
0,0,4.771421299665235e-05
0,0,4.771212479681708e-05
0,0,0.012068547308444977
0,0,0.010769362561404705
0,0,4.771221210830845e-05
0,0,0.006002375390380621
0,0,1.9635685021057725e-05
0,0,0.24081778526306152
0,0,4.7713168896734715e-05
0,0,0.08076893538236618
0,0,4.771171370521188e-05
0,0,0.0025244061835110188
0,0,0.0004130590823478997
0,0,0.0016028243117034435
0,0,1.6908123143366538e-05
0,0,0.03450200334191322
1,1,0.9987572431564331
0,0,4.7711302613606676e-05
0,0,4.7711302613606676e-05
1,1,0.946246325969696
0,0,0.0013691162457689643
0,0,4.7711942897876725e-05
0,0,2.4696511900401674e-05
1,1,0.9991050362586975
0,0,0.019231485202908516
0,0,0.06126803904771805
0,0,2.098583718179725e-05
0,0,4.771148451254703e-05
0,0,8.913190686143935e-05
0,0,4.771207386511378e-05
0,0,0.004232157953083515
0,0,0.13025417923927307
0,0,0.006881117820739746
1,1,0.9486075639724731
0,0,1.9654269635793753e-05
0,0,0.019118720665574074
0,0,1.6864449207787402e-05
0,0,0.000630311609711498
0,0,1.6825508282636292e-05
1,1,0.7760438323020935
0,0,4.77132634841837e-05
0,0,4.7713441745145246e-05
0,0,4.7714394895592704e-05
1,1,0.968419075012207
0,0,0.00011553244257811457
0,0,0.0004658334073610604
0,0,1.679440902080387e-05
0,0,4.7711942897876725e-05
0,0,0.000796519685536623
0,0,0.004846750292927027
0,0,1.965589945029933e-05
0,0,0.0007975772605277598
1,1,0.9980807304382324
0,0,1.9058159523410723e-05
0,0,1.7550511984154582e-05
0,0,0.2956141233444214
1,1,0.9823262095451355
0,0,0.030955370515584946
0,0,0.37304797768592834
0,0,0.0015880565624684095
0,0,0.11917310208082199
0,0,4.7712943342048675e-05
0,0,0.00022237288067117333
0,0,4.771248859469779e-05
0,0,0.3672111928462982
0,0,4.7709028876852244e-05
0,0,0.041552431881427765
0,0,4.7712394007248804e-05
0,0,0.00021658928017131984
0,0,0.031108709052205086
0,0,1.690146564214956e-05
0,0,4.7712666855659336e-05
0,0,0.017021460458636284
0,0,4.7711302613606676e-05
0,0,0.16620856523513794
0,0,0.0064498046413064
0,0,0.0027194858994334936
0,0,0.011553851887583733
0,0,0.0021309785079210997
0,0,0.005170891992747784
0,0,0.22703614830970764
0,0,1.6889171092770994e-05
0,0,0.019633859395980835
0,0,1.678558692219667e-05
0,0,0.0005666093784384429
0,0,0.027314461767673492
0,0,4.77116227557417e-05
0,0,4.77116227557417e-05
0,0,4.771198655362241e-05
0,0,1.688878364802804e-05
0,0,4.7712394007248804e-05
0,0,0.0017931414768099785
0,0,1.6789668734418228e-05
0,0,1.678493026702199e-05
0,0,4.771189924213104e-05
0,0,0.001596640213392675
0,0,0.004307125229388475
0,0,9.237108315574005e-05
0,0,4.7712306695757434e-05
0,0,0.00028862597537226975
0,0,0.041524164378643036
0,0,1.6903479263419285e-05
0,0,4.771148451254703e-05
0,0,4.7712441300973296e-05
1,1,0.9933544397354126
0,0,0.0002829708391800523
0,0,4.7712306695757434e-05
0,0,4.7711942897876725e-05
0,0,4.771153180627152e-05
0,0,4.7711666411487386e-05
0,0,1.6917381799430586e-05
0,0,4.7711666411487386e-05
0,0,0.0002181788149755448
0,0,1.6986572518362664e-05
0,0,1.6830003005452454e-05
0,0,1.6827403669594787e-05
0,0,4.77116227557417e-05
0,0,4.770884697791189e-05
0,0,4.771298699779436e-05
0,0,0.00021748634753748775
0,0,0.004520923364907503
0,0,4.7711804654682055e-05
0,0,1.679559500189498e-05
0,0,1.6937172404141165e-05
0,0,4.7711666411487386e-05
0,0,4.7712306695757434e-05
0,0,4.7712030209368095e-05
0,0,4.77112116641365e-05
0,0,4.771125895786099e-05
0,0,4.771189924213104e-05
0,0,1.679532215348445e-05
0,0,4.7711579099996015e-05
1,1,0.942097008228302
0,0,4.77116227557417e-05
0,0,1.6790470908745192e-05
0,0,0.0015583981294184923
0,0,0.0012854866217821836
0,0,4.77116227557417e-05
0,0,4.7712306695757434e-05
0,0,0.000266856950474903
0,0,0.044155411422252655
0,0,0.008856073021888733
0,0,4.7711666411487386e-05
1,1,0.9180620312690735
0,0,4.771198655362241e-05
0,0,0.08278623968362808
0,0,0.02643926814198494
0,0,0.26979920268058777
0,0,0.024551067501306534
0,0,1.752769821905531e-05
0,0,4.771284875459969e-05
0,0,4.771276144310832e-05
0,0,0.005071592051535845
1,1,0.9528005123138428
0,0,0.0018276114715263247
0,0,0.018721653148531914
1,1,0.9681040644645691
0,0,1.688796328380704e-05
0,0,4.77116227557417e-05
0,0,1.7288062736042775e-05
0,0,0.001966791460290551
0,0,0.0022523251827806234
0,0,4.771148451254703e-05
0,0,1.689277996774763e-05
1,1,0.9999998807907104
0,0,0.0028400265146046877
0,0,4.7711302613606676e-05
0,0,4.771207386511378e-05
0,0,4.771171370521188e-05
0,0,4.771134990733117e-05
0,0,4.7712394007248804e-05
0,0,4.771171370521188e-05
0,0,1.9964456441812217e-05
0,0,4.7712666855659336e-05
0,0,4.771189924213104e-05
0,0,0.06153310090303421
0,0,4.7711942897876725e-05
0,0,0.0025539996568113565
1,1,0.9706566333770752
0,0,4.771276144310832e-05
1,0,0.4784001111984253
0,0,0.0001452649012207985
0,0,4.771176099893637e-05
1,1,0.9906152486801147
0,0,2.3841086658649147e-05
1,1,0.9944514632225037
0,0,4.7712168452562764e-05
0,0,0.023385604843497276
0,0,0.0030997898429632187
1,1,0.9422415494918823
0,0,4.771171370521188e-05
0,0,4.771248859469779e-05
0,0,0.0023420704528689384
0,0,4.7712394007248804e-05
0,0,4.7712030209368095e-05
0,0,4.7712306695757434e-05
0,0,4.771207386511378e-05
1,1,0.938154935836792
0,0,0.008770369924604893
0,0,4.771212479681708e-05
0,0,4.771212479681708e-05
0,0,8.963992149801925e-05
0,0,0.001783330924808979
0,0,4.7711666411487386e-05
0,0,0.00021165880025364459
0,0,4.771153180627152e-05
0,1,0.6465315222740173
0,0,0.16527718305587769
0,0,0.00021989991364534944
0,0,4.771248859469779e-05
0,0,4.771171370521188e-05
0,0,4.7712306695757434e-05
0,0,1.6773425159044564e-05
0,0,4.771189924213104e-05
0,0,2.0387220502016135e-05
0,0,2.0226176275173202e-05
0,0,0.00027257061447016895
0,0,0.10325957834720612
0,0,2.0022916942252778e-05
0,0,1.978674299607519e-05
0,0,1.976384737645276e-05
0,0,0.4234570562839508
0,0,1.9724380763364024e-05
0,0,4.771221210830845e-05
0,0,0.0006538134184665978
1,1,0.9754221439361572
1,1,0.9577608704566956
0,0,0.10786335170269012
0,0,0.009046971797943115
0,0,4.77116227557417e-05
0,0,4.7711666411487386e-05
0,0,4.771125895786099e-05
1,1,0.9999922513961792
0,0,0.009546112269163132
0,0,0.00010276299872202799
0,0,0.17496518790721893
0,0,4.771148451254703e-05
0,0,0.00021047827613074332
0,0,0.0006551291444338858
0,0,1.6793384929769672e-05
0,0,4.7711579099996015e-05
0,0,4.771176099893637e-05
1,1,0.9999749660491943
0,0,4.770884697791189e-05
0,0,0.00648950831964612
0,0,0.03587540239095688
0,0,0.03284241631627083
0,0,4.771125895786099e-05
0,0,0.1469390094280243
0,0,0.00010204303544014692
0,0,0.010654386132955551
0,0,4.771148451254703e-05
0,0,0.024584628641605377
0,0,0.013096706941723824
0,0,4.771171370521188e-05
0,1,0.6861249804496765
0,0,0.018513988703489304
0,0,4.7713943786220625e-05
0,0,4.771125895786099e-05
0,0,4.7712306695757434e-05
0,0,0.010841665789484978
0,0,4.7711393563076854e-05
0,0,4.771184831042774e-05
1,1,0.9141995310783386
0,0,4.7712394007248804e-05
0,0,4.771467138198204e-05
0,0,4.771148451254703e-05
0,0,0.0018066397169604897
0,0,0.005338354501873255
0,0,4.770911982632242e-05
1,1,0.9912661910057068
0,0,0.00010234298679279163
0,0,1.6819605662021786e-05
0,0,1.6875485016498715e-05
1,1,0.9747075438499451
0,0,0.04402000457048416
0,0,0.01583685725927353
0,0,0.01896161586046219
1,1,0.974484384059906
0,0,0.0002367849083384499
0,0,4.771207386511378e-05
0,0,1.7022686733980663e-05
0,0,0.00010284701420459896
0,0,0.00035494050825946033
0,0,0.12200359255075455
0,0,0.1222088634967804
0,0,4.7711666411487386e-05
0,0,4.7712306695757434e-05
0,0,1.6860090909176506e-05
0,0,1.707320006971713e-05
0,0,0.04473794624209404
0,0,0.010167435742914677
0,0,0.01081162877380848
0,0,4.77132125524804e-05
0,0,4.7712394007248804e-05
0,0,0.0015833419747650623
0,0,0.0038460097275674343
0,0,4.771212479681708e-05
1,1,0.9820659756660461
0,0,0.1027766689658165
0,0,4.77116227557417e-05
0,0,4.771112435264513e-05
0,0,0.053638625890016556
0,0,2.071148446702864e-05
0,0,0.0030317138880491257
0,0,4.771171370521188e-05
0,0,0.13226456940174103
1,1,0.9999587535858154
0,0,2.013777702813968e-05
1,1,0.9996651411056519
0,0,0.0026426706463098526
0,0,4.771221210830845e-05
0,0,0.00011647400970105082
0,0,4.771171370521188e-05
1,1,0.9620088934898376
0,0,0.00104749936144799
0,0,0.003222902538254857
0,0,0.002103316830471158
0,0,1.6790405425126664e-05
0,0,0.0004539737128652632
0,0,0.004525299184024334
0,0,0.02004372701048851
0,0,0.02156982384622097
1,1,0.9764657020568848
0,0,4.771171370521188e-05
0,0,4.771176099893637e-05
0,0,1.7072272385121323e-05
1,1,0.9999289512634277
1,1,0.9441142678260803
0,0,1.6809759472380392e-05
0,0,0.009287522174417973
1,1,1.0
0,0,0.006215037312358618
0,0,0.004300896544009447
0,0,0.0022063585929572582
1,1,0.9371442794799805
0,0,4.771184831042774e-05
0,0,0.0098386500030756
0,0,4.7711393563076854e-05
0,0,0.0016666124574840069
1,1,0.5442215204238892
0,0,0.16469942033290863
0,0,0.053579434752464294
0,0,0.0004432875430211425
0,0,4.771221210830845e-05
0,0,0.0008140582358464599
1,1,0.8650922775268555
0,0,0.0004177862429060042
0,0,1.6802692698547617e-05
0,0,9.559551108395681e-05
0,0,0.0017777017783373594
0,0,0.016065234318375587
0,0,1.6922931536100805e-05
0,0,4.7711579099996015e-05
0,0,0.001640868722461164
1,1,0.9579815864562988
0,0,1.6813542970339768e-05
0,0,0.0011795071186497808
0,0,0.42428871989250183
0,0,0.000263901223661378
0,0,0.0100916912779212
0,0,1.69409358932171e-05
0,0,0.00030592092662118375
0,0,4.771198655362241e-05
0,0,0.10523682087659836
0,0,4.7711942897876725e-05
0,0,4.771176099893637e-05
0,0,4.771148451254703e-05
0,0,0.00576311768963933
1,1,0.9715409278869629
0,0,4.771184831042774e-05
0,0,0.0009769198950380087
0,0,4.771171370521188e-05
0,0,0.21564602851867676
0,0,4.7718309360789135e-05
0,0,0.018282203003764153
1,1,0.9624531865119934
0,0,0.27957096695899963
0,0,0.001780316699296236
0,0,4.7712030209368095e-05
0,0,1.9903074644389562e-05
0,0,0.008826601319015026
1,1,0.93472820520401
0,0,1.9507924662320875e-05
1,1,0.9479532241821289
0,0,1.9387429347261786e-05
0,0,0.00045402563409879804
0,0,1.8046226614387706e-05
0,0,1.677980981185101e-05
0,0,4.771221210830845e-05
1,1,0.9802507162094116
1,1,0.9157364368438721
0,0,1.6780801161075942e-05
0,0,1.6951116776908748e-05
0,0,0.0011819567298516631
0,0,4.771189924213104e-05
0,0,0.061662718653678894
1,1,0.999468982219696
0,0,0.0012489518849179149
0,0,0.010795250535011292
0,0,0.0010169849265366793
0,0,0.0014846567064523697
0,0,0.0005045162397436798
0,0,4.7712666855659336e-05
0,0,0.3585434854030609
0,0,0.024421334266662598
1,1,0.9996811151504517
0,0,0.04644970968365669
0,0,4.771212479681708e-05
0,0,0.022408245131373405
0,0,4.7712666855659336e-05
0,0,0.0012149070389568806
0,0,4.771198655362241e-05
1,1,0.9981374740600586
0,0,0.0039845858700573444
0,0,0.011249476112425327
0,0,4.7712168452562764e-05
0,0,0.00038669953937642276
0,0,4.7711804654682055e-05
0,0,4.7714307584101334e-05
0,0,0.02868526242673397
0,0,0.012490523047745228
0,0,0.05534526705741882
0,0,4.771184831042774e-05
0,0,4.771207386511378e-05
0,0,1.690373755991459e-05
0,0,0.007837550714612007
0,0,4.771221210830845e-05
0,0,4.771189924213104e-05
0,0,0.0024495881516486406
0,0,0.0032386237289756536
1,1,0.8455933928489685
0,0,0.00021672024740837514
0,0,4.771176099893637e-05
0,0,1.6775169569882564e-05
0,0,0.0018070199294015765
0,0,0.04821344092488289
0,0,4.771212479681708e-05
1,1,0.9042887091636658
1,1,0.9627626538276672
0,0,4.771189924213104e-05
0,0,4.771221210830845e-05
0,0,0.004222365096211433
1,1,0.9751543402671814
0,0,0.005697745829820633
1,1,0.9629705548286438
0,0,4.771248859469779e-05
0,0,4.7713168896734715e-05
0,0,4.771212479681708e-05
0,0,1.7132570064859465e-05
0,0,0.15171316266059875
0,0,4.7712666855659336e-05
0,0,0.00021077993733342737
0,0,0.00405257660895586
0,0,1.680043169471901e-05
0,0,0.0011569666676223278
0,0,0.0033630754332989454
1,1,0.9901359677314758
0,0,4.7712306695757434e-05
0,0,0.017770690843462944
0,0,0.0005844568950124085
0,0,0.00023020143271423876
0,0,0.006278690882027149
0,0,0.0018991007236763835
0,0,0.008165689185261726
0,0,0.0013004204956814647
0,0,4.771184831042774e-05
0,0,0.00021654363081324846
0,0,1.679271190369036e-05
0,0,4.7712306695757434e-05
0,0,4.7711942897876725e-05
0,0,0.0017831517616286874
0,0,0.021419139578938484
0,0,4.771421299665235e-05
0,0,4.7712168452562764e-05
0,0,4.771171370521188e-05
0,0,0.00011533673387020826
0,0,0.21654637157917023
0,0,4.7711393563076854e-05
0,0,0.2053288221359253
0,0,0.01647059991955757
0,0,1.7312480849795975e-05
0,0,1.6859014067449607e-05
0,0,4.770893792738207e-05
0,0,0.002668296452611685
1,1,0.9999998807907104
0,0,4.771176099893637e-05
0,0,4.7711302613606676e-05
0,0,0.01672540046274662
0,0,0.0005934063228778541
0,0,0.0006425927276723087
0,0,0.0003032661625184119
0,0,4.7713307139929384e-05
0,0,0.0025446778163313866
0,0,0.1628737896680832
1,1,0.9449363350868225
0,0,0.0045473612844944
0,1,0.5808899402618408
0,0,1.6962534573394805e-05
0,0,0.00021047105838079005
0,0,8.908874588087201e-05
0,0,0.0015644625527784228
1,1,0.9618143439292908
0,0,1.6925449017435312e-05
0,0,0.015396039932966232
0,0,0.02183454856276512
1,1,0.9832670092582703
1,1,0.8492679595947266
0,0,4.77132125524804e-05
0,0,0.0006373579381033778
0,0,4.7712030209368095e-05
0,0,0.056183233857154846
0,0,0.007527715060859919
1,1,0.9746881723403931
0,0,4.771171370521188e-05
0,0,4.771189924213104e-05
0,0,4.771221210830845e-05
0,0,0.00030767970019951463
0,0,0.008138604462146759
1,1,0.9990149736404419
1,1,0.922278881072998
0,0,0.0012884254101663828
0,0,0.012261558324098587
0,0,4.771212479681708e-05
0,0,2.0620216673705727e-05
0,0,0.006739146076142788
0,0,2.0286524886614643e-05
0,0,0.006465164944529533
0,0,1.7903759726323187e-05
0,0,4.7711942897876725e-05
0,0,8.887711737770587e-05
0,0,4.771184831042774e-05
0,0,1.693232661637012e-05
0,0,4.771198655362241e-05
1,1,0.9942238926887512
0,0,0.0007928190170787275
1,1,0.9840048551559448
0,0,0.027864353731274605
0,0,0.0002600032021291554
0,0,0.0003513359115459025
0,0,0.24630099534988403
0,0,0.00022515148157253861
0,0,1.679309571045451e-05
0,0,0.038520894944667816
0,0,4.7712666855659336e-05
0,0,4.7712306695757434e-05
0,0,4.7711942897876725e-05
0,0,0.0012106685899198055
0,0,0.04013104364275932
0,0,0.005794057622551918
0,0,0.0015669760759919882
1,1,0.9812496304512024
0,0,4.7711942897876725e-05
0,0,1.684307244431693e-05
0,0,4.771248859469779e-05
0,0,4.7712394007248804e-05
0,0,4.771276144310832e-05
0,0,0.0015117150032892823
0,0,0.0005787769914604723
0,0,0.004520639777183533
1,1,0.9503832459449768
1,0,0.21490459144115448
0,0,0.02756180800497532
0,0,4.771207386511378e-05
0,0,0.0005656634457409382
1,1,0.9814137816429138
0,0,4.771189924213104e-05
0,0,4.771221210830845e-05
0,0,0.21115848422050476
1,1,0.9272937178611755
0,0,0.09287696331739426
0,0,0.3966113030910492
0,0,1.691789657343179e-05
0,0,4.77116227557417e-05
0,0,4.771212479681708e-05
1,1,0.8702507615089417
0,0,4.771189924213104e-05
0,0,4.771148451254703e-05
0,0,1.68112510436913e-05
0,0,0.006035101134330034
0,0,4.7712943342048675e-05
0,0,0.004209439270198345
0,0,0.001945989322848618
0,0,4.771148451254703e-05
1,1,0.9930643439292908
0,0,0.0002228143421234563
0,0,0.005643834825605154
0,1,0.51048344373703
0,0,1.6817841242300346e-05
0,0,0.0006690602749586105
0,0,4.771153180627152e-05
1,1,0.9776891469955444
0,0,0.0020224410109221935
0,0,0.014612587168812752
0,0,0.021150222048163414
0,0,0.0007286574109457433
0,0,0.00022867275401949883
0,0,0.006154858507215977
0,0,1.9385914129088633e-05
0,0,4.7712306695757434e-05
0,0,4.771221210830845e-05
0,0,4.771198655362241e-05
0,0,0.0007790241506882012
1,1,0.9992326498031616
0,0,0.005615877918899059
0,0,1.683851223788224e-05
0,0,0.0009986193617805839
0,0,4.7711666411487386e-05
0,0,0.06342431157827377
0,0,0.10682553052902222
1,1,0.9999878406524658
0,0,0.02500833570957184
0,0,0.0017233479302376509
0,0,4.7712030209368095e-05
0,0,2.4565864805481397e-05
0,0,4.7711579099996015e-05
0,0,4.7711393563076854e-05
0,0,2.0868708816124126e-05
0,0,0.0014607252087444067
0,0,4.771207386511378e-05
0,0,4.7711302613606676e-05
0,0,0.027939269319176674
1,1,0.7494444847106934
0,0,4.771153180627152e-05
1,1,0.957635223865509
1,1,0.9661901593208313
0,0,4.771189924213104e-05
0,0,0.006427292712032795
0,0,0.022895123809576035
0,0,0.012617314234375954
0,0,4.7711942897876725e-05
0,0,0.0294675063341856
1,1,0.9994041919708252
0,1,0.8386310935020447
0,0,0.3637191653251648
0,0,0.0017846266273409128
0,0,4.7712030209368095e-05
0,0,4.77116227557417e-05
0,0,0.006506248377263546
0,0,0.003425692906603217
0,0,4.770893792738207e-05
0,0,8.892484765965492e-05
0,0,4.771412568516098e-05
0,0,4.7711804654682055e-05
0,0,0.013825973495841026
0,0,0.12162920832633972
0,0,0.0002623103209771216
0,0,1.6791605958133005e-05
0,0,0.0028751513455063105
0,0,4.771148451254703e-05
0,0,1.8868273400585167e-05
1,1,0.9862964153289795
0,0,0.0003971915284637362
0,0,4.771189924213104e-05
0,0,0.0007374953129328787
0,0,0.0021139553282409906
0,0,4.7712579544167966e-05
0,0,0.0017821445362642407
0,0,4.7712394007248804e-05
0,0,0.2593928575515747
0,0,4.771212479681708e-05
0,0,8.897209045244381e-05
0,0,0.000801560643594712
0,0,0.037856798619031906
0,0,0.0016506975516676903
0,0,1.6793497707112692e-05
0,0,0.0875251367688179
0,0,0.04133296385407448
0,0,0.030081328004598618
0,0,0.16389894485473633
1,1,0.9849644303321838
0,0,0.0017789765261113644
0,0,4.771221210830845e-05
0,0,0.0002181340823881328
0,0,0.01941421814262867
0,0,1.9626455468824133e-05
1,1,0.9999986886978149
0,0,4.7712532250443473e-05
0,0,4.7712579544167966e-05
1,1,0.9999986886978149
0,0,0.12120571732521057
1,1,0.9766787886619568
0,0,4.771189924213104e-05
0,0,0.0030457100365310907
0,0,4.770884697791189e-05
0,0,0.002227031858637929
0,0,0.007162500638514757
0,0,0.4529941976070404
0,0,0.004794702865183353
0,0,0.002598879160359502
0,0,0.0045188721269369125
0,0,4.7712666855659336e-05
0,0,0.025611475110054016
1,1,0.9816693663597107
0,0,0.00032231572549790144
1,1,0.9629026055335999
1,1,0.9507129192352295
0,0,4.7711666411487386e-05
0,0,0.0003600011405069381
0,0,4.7712394007248804e-05
0,0,1.895072273327969e-05
0,0,4.7712394007248804e-05
0,0,4.771284875459969e-05
0,0,0.0007011580164544284
0,0,9.051261440617964e-05
1,1,0.9999494552612305
0,0,1.685169991105795e-05
0,0,1.6854673958732747e-05
0,0,0.005764193832874298
0,0,4.771221210830845e-05
0,0,0.00021046223992016166
0,0,0.00021093372197356075
0,0,4.7712579544167966e-05
1,1,0.9769700765609741
0,0,4.771412568516098e-05
0,0,4.771134990733117e-05
0,0,1.6807067368063144e-05
0,0,4.771153180627152e-05
0,0,1.6802450772956945e-05
0,0,0.04517418146133423
0,0,0.0007069614948704839
0,0,0.000288501352770254
0,0,0.11656496673822403
0,0,9.53127964749001e-05
0,0,0.0015143213095143437
0,0,4.7712306695757434e-05
1,1,0.96551114320755
0,0,4.771412568516098e-05
0,1,0.5055444836616516
0,0,1.74494107341161e-05
0,0,0.0010229829931631684
1,1,0.8139705657958984
0,0,0.0005137475673109293
0,0,0.002792095998302102
0,0,4.771248859469779e-05
1,1,0.9424877166748047
0,0,1.6907573808566667e-05
0,0,0.006081371568143368
0,0,4.7712394007248804e-05
0,0,0.01983296498656273
0,0,0.00054937630193308
0,0,0.07714162766933441
1,1,0.9942783117294312
0,0,0.0017775739543139935
0,0,4.771221210830845e-05
0,1,0.6053893566131592
1,1,0.9904987215995789
0,0,0.00011678585724439472
0,0,0.003533813636749983
0,0,0.0007354375557042658
0,0,1.6828991647344083e-05
0,0,0.000691559980623424
0,0,0.017867807298898697
1,1,0.9998940229415894
0,0,4.771171370521188e-05
0,0,0.18008503317832947
0,0,4.7712306695757434e-05
1,1,0.9842529892921448
1,1,0.999998927116394
1,1,0.9994780421257019
0,0,0.025234002619981766
0,0,0.0017791985301300883
0,0,0.022960146889090538
1,1,0.9771090149879456
0,0,0.008114923723042011
0,0,0.0037789607886224985
0,0,0.028246106579899788
0,0,0.005100967828184366
0,0,4.771153180627152e-05
0,0,1.7332056813756935e-05
0,0,0.011554461903870106
0,0,4.77116227557417e-05
0,1,0.6600221395492554
0,0,0.00027271045837551355
0,0,0.0002661018806975335
0,0,0.04006782919168472
0,0,0.0011981084244325757
1,1,0.8945301175117493
0,0,1.773186886566691e-05
0,0,1.7424117686459795e-05
0,0,0.0021592911798506975
1,1,0.9986827969551086
1,1,0.9808478355407715
0,0,0.0058143422938883305
0,0,4.7712306695757434e-05
0,0,4.771171370521188e-05
0,0,4.7712394007248804e-05
0,0,0.10862743109464645
0,0,0.030706273391842842
0,0,0.009933543391525745
0,0,0.0001984069385798648
1,1,0.9999970197677612
0,0,4.7711942897876725e-05
0,0,1.6900674381759018e-05
0,0,0.0007231408962979913
0,0,1.7048892914317548e-05
0,0,0.00013258955732453614
0,0,4.771212479681708e-05
0,0,0.35792574286460876
1,1,0.9999217987060547
1,1,0.9875087141990662
1,1,0.9607540965080261
0,0,4.77132125524804e-05
0,1,0.7896094918251038
1,1,0.9250984787940979
0,0,4.771125895786099e-05
0,0,0.00467472430318594
0,0,0.0018229236593469977
0,0,1.6819541997392662e-05
0,0,0.03811071813106537
0,0,4.771225940203294e-05
0,0,0.0032105566933751106
1,1,0.999998927116394
0,0,1.6789077562862076e-05
0,0,0.04862833395600319
0,0,0.02692512609064579
0,0,0.0176585353910923
0,0,0.0031908962409943342
1,1,0.9998914003372192
0,0,9.313492046203464e-05
0,0,0.13119439780712128
0,0,1.683727532508783e-05
0,0,4.7712306695757434e-05
0,0,1.7126101738540456e-05
0,0,4.771212479681708e-05
0,0,0.0008544147713109851
1,1,0.9964529275894165
0,0,4.7712306695757434e-05
0,0,0.00789260771125555
0,0,0.000998260686174035
0,0,0.07464864104986191
0,0,0.0019383387407287955
0,0,0.01712208054959774
0,0,0.034012824296951294
0,0,0.143861785531044
0,0,4.7711804654682055e-05
0,0,4.771198655362241e-05
1,1,0.8923686742782593
0,0,4.771276144310832e-05
0,0,0.00017828965792432427
0,0,0.017892969772219658
0,0,4.771248859469779e-05
0,0,0.016516344621777534
0,0,1.73155203810893e-05
0,0,4.771148451254703e-05
0,0,0.0017817951738834381
0,0,1.7208369172294624e-05
0,0,0.014781679026782513
0,0,4.7712579544167966e-05
0,0,0.005947143770754337
0,0,1.6890571714611724e-05
1,1,0.8481264710426331
0,0,1.677728141658008e-05
1,1,0.9324007630348206
0,0,0.0008389808936044574
0,0,4.771207386511378e-05
0,0,1.6780368241597898e-05
0,0,0.005587190389633179
0,0,0.0006174109876155853
1,1,0.9858341813087463
0,0,0.0002623043255880475
0,0,0.4203796982765198
0,0,0.013954516500234604
0,0,1.9641414837678894e-05
1,1,0.9996343851089478
0,0,0.0020184230525046587
0,0,1.9619099475676194e-05
0,0,0.02066144533455372
1,1,0.9997809529304504
0,0,0.009313338436186314
0,0,4.7712579544167966e-05
0,0,1.685761526459828e-05
0,0,0.11853867024183273
0,0,1.679979141044896e-05
1,1,0.9999814033508301
0,0,0.00021968971122987568
0,0,0.0015043168095871806
0,0,0.001081415917724371
0,0,1.6815933122416027e-05
0,0,4.7711804654682055e-05
1,1,0.9876109957695007
0,0,0.0018080255249515176
0,0,0.0009135968284681439
0,0,0.3090539872646332
1,1,0.9531475901603699
0,0,0.031131228432059288
0,0,0.0035235288087278605
0,0,0.00024868943728506565
0,0,0.000960412435233593
0,0,1.976991734409239e-05
0,0,0.006335670128464699
0,0,0.0029467048589140177
1,1,0.9693688750267029
0,0,1.8700458895182237e-05
0,0,0.001889829058200121
0,0,1.69973645824939e-05
0,0,0.005965365096926689
0,0,0.0032543286215513945
0,0,0.009471338242292404
0,0,0.037693485617637634
0,0,0.0074535878375172615
1,1,0.9833930134773254
0,0,4.7709028876852244e-05
0,0,0.001972255064174533
0,0,0.0006559891626238823
1,1,0.9730570316314697
0,0,0.0015433368971571326
0,0,4.7711579099996015e-05
0,0,0.0011296489974483848
0,0,0.0008213698165491223
0,0,0.005435904487967491
0,0,0.006444575265049934
0,0,0.006327299866825342
0,0,0.01982082612812519
0,0,0.006514782551676035
0,0,0.0011271970579400659
1,1,0.9424313902854919
0,0,4.771412568516098e-05
0,0,0.00018349407764617354
0,0,0.0015626901295036077
0,0,0.009042744524776936
0,0,2.575887083366979e-05
0,0,2.574077370809391e-05
0,0,0.0017567746108397841
0,0,0.00421160040423274
1,1,0.9555469155311584
0,0,0.0002740768250077963
0,0,0.015177219174802303
0,1,0.6594464778900146
0,0,2.448309533065185e-05
0,0,4.771503517986275e-05
0,0,2.4286571715492755e-05
0,0,4.7711942897876725e-05
0,0,0.033024612814188004
1,1,0.8486944437026978
0,0,0.07731309533119202
0,0,0.10405430197715759
0,0,0.006605976726859808
0,0,0.006106602028012276
0,0,0.031155100092291832
0,0,4.771184831042774e-05
0,0,0.07223333418369293
0,0,0.006384220905601978
0,0,4.771125895786099e-05
0,0,4.771189924213104e-05
0,0,0.0008295270963571966
1,1,0.9444321393966675
0,0,0.10413216054439545
0,0,0.0002685179060790688
0,0,0.022996168583631516
0,0,0.0020153000950813293
0,0,1.7718126400723122e-05
0,0,0.1276327520608902
0,0,1.753242759150453e-05
0,0,0.029733579605817795
0,0,4.771171370521188e-05
0,0,4.771184831042774e-05
0,0,0.10348314046859741
0,0,1.6793223039712757e-05
0,0,0.06431589275598526
0,0,1.681594949332066e-05
0,0,0.0003950541722588241
0,0,1.6830419554025866e-05
0,0,4.771189924213104e-05
0,0,0.00013652311463374645
0,0,0.0015868374612182379
0,0,0.009671061299741268
0,0,0.008457442745566368
0,0,0.0005357032059691846
0,0,4.7713030653540045e-05
0,0,1.957820677489508e-05
0,0,4.771467138198204e-05
0,0,4.7712666855659336e-05
0,0,4.7712306695757434e-05
0,0,4.771198655362241e-05
0,0,4.7715671826153994e-05
1,1,0.972945511341095
1,1,0.9929875731468201
0,0,0.010510706342756748
0,0,0.0002145178004866466
0,0,0.0011528674513101578
0,0,4.771184831042774e-05
0,0,0.014625032432377338
0,0,0.06780219823122025
1,1,0.9951621890068054
1,1,0.9999986886978149
1,1,0.9792121648788452
0,0,4.7711029765196145e-05
0,0,1.6789765140856616e-05
0,0,4.771189924213104e-05
0,0,4.7714394895592704e-05
0,0,0.003378890221938491
0,0,0.05329890921711922
1,1,0.9680027365684509
1,1,0.9673522710800171
0,0,0.013170047663152218
0,0,4.771171370521188e-05
0,1,0.8611301183700562
0,0,0.00021451371139846742
0,0,0.048884596675634384
0,0,0.021479377523064613
0,0,0.001772947609424591
1,1,0.9485097527503967
0,0,4.7711666411487386e-05
0,0,4.7711666411487386e-05
0,0,4.7711666411487386e-05
0,0,4.7711393563076854e-05
0,0,4.771189924213104e-05
0,0,1.7104310245485976e-05
0,0,4.771176099893637e-05
0,0,4.771171370521188e-05
0,0,0.003840221092104912
0,0,4.77116227557417e-05
0,0,0.0012214052258059382
0,0,0.0010627750307321548
1,1,0.9962781071662903
0,0,4.7712394007248804e-05
0,0,4.7711666411487386e-05
0,0,0.04119794815778732
1,1,0.8247108459472656
1,1,0.9987149238586426
0,0,9.04953558347188e-05
0,0,1.6772801245679148e-05
0,0,4.7712666855659336e-05
0,0,0.0004416312149260193
0,0,0.20087093114852905
0,0,4.7711579099996015e-05
0,0,0.01673801615834236
0,0,1.6798398064565845e-05
0,0,4.7711666411487386e-05
0,0,0.00021644539083354175
0,0,1.688810698396992e-05
0,0,4.7711302613606676e-05
0,0,0.03505511209368706
1,1,0.9999690055847168
0,0,0.02556423470377922
1,1,0.910413384437561
0,0,0.21876293420791626
0,0,0.011857902631163597
0,0,0.0018666588002815843
0,0,0.03728257864713669
0,0,0.000219265726627782
0,0,0.021392399445176125
0,0,1.6883728676475585e-05
0,0,0.00013487221440300345
0,0,0.008653483353555202
0,0,0.00021692883456125855
0,0,0.4078609347343445
0,0,0.002673485316336155
1,1,0.9865291118621826
0,0,0.04042988643050194
1,1,0.9518803358078003
0,0,0.007848956622183323
0,0,0.03498297184705734
0,0,1.9906263332813978e-05
0,0,4.7711393563076854e-05
0,0,1.7354037481709383e-05
0,0,1.6820567907416262e-05
0,0,4.7712030209368095e-05
0,0,0.34844428300857544
0,0,0.014447132125496864
0,0,1.7121854398283176e-05
0,0,1.6877593225217424e-05
1,1,0.9883761405944824
0,0,0.0003237132041249424
0,0,1.6803636754048057e-05
0,0,0.0006028601201251149
0,0,0.00431816978380084
0,0,0.06508370488882065
0,0,0.0021232115104794502
0,0,0.0027456656098365784
0,0,2.5094988814089447e-05
1,1,0.9999985694885254
0,0,0.0002422203542664647
0,0,2.435884925944265e-05
0,0,2.1588171875919215e-05
0,0,0.00021565065253525972
0,0,2.1072452000225894e-05
1,1,0.989924430847168
0,0,0.0053960103541612625
0,0,0.0009044226608239114
0,0,4.771235035150312e-05
0,0,0.005567788612097502
0,0,4.771248859469779e-05
0,0,0.00594597402960062
0,0,0.026152994483709335
0,0,1.6951067664194852e-05
0,0,0.013703553006052971
0,0,0.002273517893627286
0,0,1.683976370259188e-05
0,0,4.771148451254703e-05
0,0,1.6776401025708765e-05
0,0,4.7712030209368095e-05
0,0,1.6773281458881684e-05
1,1,0.8521148562431335
0,0,0.0067296698689460754
0,0,0.006144728045910597
0,0,0.1342826932668686
0,0,1.980252272915095e-05
0,0,4.7712030209368095e-05
1,1,0.9090149402618408
0,0,0.009601390920579433
0,0,0.00188262399751693
0,0,0.001895155874080956
0,0,0.003386715892702341
0,0,0.00022538949269801378
0,0,0.0001192934432765469
1,1,0.9999617338180542
0,0,1.684503149590455e-05
0,0,8.931508637033403e-05
0,0,4.7713943786220625e-05
0,0,0.0005403925897553563
0,0,4.77116227557417e-05
0,0,1.6773314200690947e-05
0,0,0.0002119613200193271
0,0,0.034388910979032516
0,0,4.771148451254703e-05
0,0,1.679742126725614e-05
0,0,0.3184351623058319
0,0,0.048467833548784256
0,0,0.06156178563833237
1,1,0.9806317090988159
1,1,0.974433422088623
1,1,0.9381918907165527
0,0,0.000599696475546807
1,1,0.9843659400939941
0,0,0.0045201960019767284
0,0,0.00021981794270686805
0,0,8.922885899664834e-05
0,0,8.930700278142467e-05
0,0,0.00021271224250085652
0,0,4.771189924213104e-05
0,1,0.7422311305999756
0,0,4.770893792738207e-05
0,0,0.02390560880303383
0,0,0.005794741678982973
1,1,0.9929481744766235
0,0,0.0017871326999738812
0,0,0.0010389512171968818
0,0,0.0019444719655439258
0,0,4.771221210830845e-05
0,0,0.0012799850665032864
0,0,0.01594063639640808
0,0,0.04018285498023033
0,0,2.0045348719577305e-05
0,0,2.0071860490133986e-05
0,0,1.999957748921588e-05
0,0,0.0038059239741414785
0,0,1.9790855731116608e-05
0,0,0.0063215941190719604
0,0,4.7711666411487386e-05
0,0,0.005934885237365961
1,1,0.8955264687538147
0,0,0.00021470074716489762
0,0,4.77132125524804e-05
1,1,0.9997835755348206
0,0,1.706686816760339e-05
0,0,4.7711804654682055e-05
0,0,0.00021809435565955937
0,0,4.7711942897876725e-05
0,0,4.7711579099996015e-05
0,0,0.004721292294561863
1,1,0.967617928981781
0,0,4.7712030209368095e-05
0,0,0.1451464593410492
0,0,4.7712168452562764e-05
1,1,0.9999759197235107
0,0,0.018018322065472603
0,0,0.029760101810097694
0,0,4.7712306695757434e-05
0,0,4.771189924213104e-05
0,0,0.057221800088882446
0,0,0.007615312468260527
0,0,4.771184831042774e-05
0,0,4.771148451254703e-05
0,0,0.0002488341124262661
0,0,2.0192275769659318e-05
0,0,4.7711942897876725e-05
0,0,4.771262319991365e-05
0,0,0.006191819440573454
0,0,4.7713532694615424e-05
1,1,0.9744858145713806
1,1,0.999168872833252
0,0,0.014413353987038136
0,0,4.771335079567507e-05
0,0,0.014412249438464642
0,0,0.0007998434593901038
0,0,0.0030203061178326607
0,0,4.7711804654682055e-05
0,0,0.00021139781165402383
0,0,0.00016203268023673445
0,0,2.5480760086793453e-05
0,0,0.001141142682172358
0,0,2.4936131012509577e-05
1,1,0.9834758043289185
0,0,4.771221210830845e-05
0,0,0.006841833237558603
0,1,0.6658794283866882
0,0,0.006061537191271782
0,0,4.771176099893637e-05
0,0,0.016839316114783287
0,0,4.771189924213104e-05
0,0,0.014178149402141571
0,0,0.0010966872796416283
0,0,0.08055151253938675
0,0,4.771284875459969e-05
0,0,0.0002578672138042748
1,1,0.9081804156303406
0,0,0.004622812382876873
0,0,0.010318530723452568
0,0,4.771207386511378e-05
0,0,0.008679024875164032
0,0,0.0004213064967188984
0,0,0.0007779610459692776
0,0,0.0011312654241919518
0,0,0.01632492057979107
0,0,4.7712030209368095e-05
0,0,0.001944003626704216
0,0,0.0002980093122459948
0,0,0.0019070574780926108
1,1,0.9998596906661987
0,0,0.0002596890553832054
0,1,0.6084669232368469
0,0,0.05051601305603981
0,0,1.8919246940640733e-05
1,1,0.988740861415863
0,0,4.771212479681708e-05
1,1,0.9793838858604431
0,0,0.008918988518416882
0,0,0.010219568386673927
0,0,4.7712306695757434e-05
0,0,1.6815050912555307e-05
0,0,4.7712306695757434e-05
0,0,1.6829490050440654e-05
0,0,1.682353649812285e-05
0,0,4.771221210830845e-05
0,0,4.7712030209368095e-05
0,0,4.771148451254703e-05
0,0,0.010065156035125256
0,0,0.00013445167860481888
0,0,0.006110889837145805
0,0,0.08840402960777283
0,0,4.771248859469779e-05
0,0,1.6860542018548585e-05
0,0,0.02541455626487732
0,0,4.771198655362241e-05
0,0,4.771207386511378e-05
0,0,4.7711579099996015e-05
0,0,1.690604221948888e-05
0,0,0.015875833109021187
0,0,4.771421299665235e-05
0,0,0.0005319561460055411
1,1,0.9382825493812561
0,0,4.771189924213104e-05
1,1,0.9353948831558228
0,0,0.02009260654449463
0,0,0.0008407803834415972
0,0,1.959062683454249e-05
0,0,4.771171370521188e-05
0,0,4.7712394007248804e-05
0,0,9.013088856590912e-05
0,0,1.678704393270891e-05
0,0,4.771221210830845e-05
0,0,0.00021858733089175075
0,0,4.7711579099996015e-05
0,0,0.0058764927089214325
0,0,4.771225940203294e-05
0,0,0.012685083784162998
0,0,4.771262319991365e-05
0,0,0.0010142361279577017
0,0,4.771198655362241e-05
0,0,0.006139116361737251
0,0,4.771176099893637e-05
0,0,0.006392072420567274
0,0,4.77132125524804e-05
0,0,0.00068842334439978
0,0,4.771176099893637e-05
0,0,0.008060603402554989
0,0,1.6957665138761513e-05
0,0,1.7660433513810858e-05
0,0,4.771804015035741e-05
1,1,0.9010882377624512
0,0,0.0029897941276431084
0,0,0.034659188240766525
0,0,1.727118797134608e-05
0,0,0.00022494721633847803
0,0,4.7712579544167966e-05
0,0,0.024681424722075462
0,0,0.007932157255709171
1,1,0.966269314289093
0,0,0.0002115894021699205
0,0,0.22490037977695465
0,0,0.03727448359131813
1,1,0.9975831508636475
0,0,0.0016904451185837388
0,0,0.02766779437661171
0,0,0.018736226484179497
0,0,0.000767984427511692
0,0,2.2046768208383583e-05
1,1,0.9856552481651306
0,0,0.0643952414393425
0,0,0.3907129168510437
0,0,0.00029342403286136687
0,0,4.771207386511378e-05
1,1,0.8279956579208374
1,1,0.8278881907463074
0,0,0.0002555923128966242
0,0,0.244108647108078
0,0,0.022396434098482132
1,1,0.788045346736908
0,0,4.770884697791189e-05
0,0,4.771212479681708e-05
0,0,4.771212479681708e-05
0,0,0.0002167890634154901
0,0,4.771212479681708e-05
0,0,0.0001541995006846264
0,0,0.00021067021589260548
0,0,0.01357400044798851
0,0,1.711336699372623e-05
1,1,0.8948438167572021
0,0,0.0024184586945921183
0,0,0.008866178803145885
0,0,0.0006733429036103189
0,0,4.771221210830845e-05
0,0,1.9648608940769918e-05
0,0,4.7713030653540045e-05
1,1,0.9972341656684875
0,0,0.014289609156548977
0,0,0.03603532165288925
0,0,1.691276702331379e-05
0,0,0.027310669422149658
0,0,0.0007831492112018168
0,0,4.7711942897876725e-05
1,1,0.9728136658668518
0,0,0.013851013034582138
0,0,0.00019223117851652205
0,0,0.009481810964643955
0,0,4.771212479681708e-05
0,1,0.7258077263832092
0,0,4.771153180627152e-05
1,1,0.891979992389679
0,0,0.2907834053039551
0,0,4.771212479681708e-05
0,0,4.7712441300973296e-05
0,0,0.011074014008045197
1,1,0.9919414520263672
0,0,1.6821995814098045e-05
0,0,0.06552577018737793
1,1,0.6699879765510559
0,0,0.00010302723239874467
0,0,0.0020022247917950153
0,0,0.0007987923454493284
0,0,4.771221210830845e-05
0,0,1.6787987988209352e-05
0,0,4.7711393563076854e-05
0,0,4.771248859469779e-05
0,0,1.6853933630045503e-05
0,0,4.7712306695757434e-05
0,0,4.771184831042774e-05
0,0,1.6811716704978608e-05
0,0,0.11622241884469986
1,1,0.9505255222320557
0,0,0.0029603689908981323
0,0,0.0003416669787839055
0,0,1.93288524314994e-05
1,1,0.9982615113258362
0,0,0.004258368164300919
0,0,1.706961847958155e-05
0,0,4.771376188728027e-05
1,1,0.8445744514465332
1,1,0.9810617566108704
0,0,1.6785219486337155e-05
0,0,1.6997608327073976e-05
0,0,1.685149072727654e-05
0,0,4.771212479681708e-05
0,0,1.677120235399343e-05
0,0,0.0017860824009403586
0,0,1.685930328676477e-05
0,0,0.00045944671728648245
0,0,4.7711440856801346e-05
0,0,4.771276144310832e-05
0,0,0.0019564228132367134
0,0,0.006250484846532345
0,0,1.968750984815415e-05
0,0,1.976784369617235e-05
0,0,1.9771217921515927e-05
0,1,0.8788211345672607
0,0,0.0011983213480561972
0,0,0.001399224391207099
0,0,0.21349787712097168
0,0,0.004912286065518856
0,0,0.027596931904554367
0,0,4.77132125524804e-05
1,1,0.9966781139373779
1,1,0.8850475549697876
0,0,0.006252101622521877
0,0,4.771148451254703e-05
1,1,0.9756423234939575
0,0,0.0004383011837489903
0,0,4.7712666855659336e-05
0,0,1.708702984615229e-05
0,0,4.7712441300973296e-05
0,0,0.0016332382801920176
0,0,0.006320986431092024
0,0,0.00919308140873909
0,0,1.7730870240484364e-05
0,0,0.001551239867694676
0,0,0.00023232393141370267
0,0,1.6964782844297588e-05
0,0,4.771367093781009e-05
0,0,0.05081736296415329
0,0,0.00275076343677938
0,1,0.7635577321052551
0,0,0.001985082868486643
0,0,0.005820713005959988
0,0,0.0008461709367111325
0,0,0.00010432687849970534
0,0,0.0006772810593247414
0,0,0.21237227320671082
0,0,2.5862718757707626e-05
1,1,0.9693382978439331
0,0,0.003661949187517166
0,0,0.001728119794279337
0,1,0.947548508644104
1,1,0.9386001229286194
0,0,0.000614351883996278
1,1,0.9454148411750793
0,0,0.03290466219186783
1,1,0.971013069152832
0,0,0.06041690707206726
0,0,4.7711440856801346e-05
0,0,4.771184831042774e-05
0,0,4.771212479681708e-05
0,0,1.677769614616409e-05
0,0,0.00028374482644721866
0,0,0.0038075658958405256
0,0,0.0024179364554584026
0,0,0.0009420754504390061
0,0,4.7711942897876725e-05
0,0,0.04316367581486702
0,0,0.0001516561460448429
0,0,0.0001868552208179608
0,0,0.00021516431297641248
1,1,0.8492538928985596
0,0,0.0016219011740759015
1,1,0.9880985617637634
0,0,0.007478237617760897
0,0,4.771221210830845e-05
0,0,4.771212479681708e-05
0,0,0.0016844581114128232
1,1,0.9828802943229675
0,0,4.7711942897876725e-05
0,0,4.7712666855659336e-05
0,0,1.686763425823301e-05
1,1,0.9426284432411194
0,0,4.771248859469779e-05
0,0,0.030431648716330528
0,0,4.771221210830845e-05
0,0,4.771198655362241e-05
0,0,0.0008381398511119187
0,0,4.771171370521188e-05
0,0,4.7712532250443473e-05
0,0,0.0036151509266346693
0,0,0.02790107950568199
1,1,0.9698621034622192
0,0,1.6846028302097693e-05
0,0,4.771248859469779e-05
0,0,4.771184831042774e-05
0,0,4.771184831042774e-05
0,0,1.6798157957964577e-05
0,0,0.0029421732760965824
1,1,0.9819647669792175
0,0,0.009993953630328178
0,0,1.6857406080816872e-05
1,1,0.9517927169799805
0,0,0.0005037150112912059
0,0,4.771148451254703e-05
0,0,0.22020666301250458
0,0,0.2237190306186676
0,0,0.00021687133994419128
0,0,0.006721132900565863
0,0,1.6901334674912505e-05
0,0,4.7711579099996015e-05
0,0,0.005028924439102411
0,0,0.164859339594841
0,0,4.771212479681708e-05
0,0,4.7712579544167966e-05
0,0,0.011096470057964325
0,0,0.0002847879659384489
0,0,0.0019111379515379667
0,0,0.04308994114398956
0,0,0.011141360737383366
1,1,0.8028281927108765
0,0,4.7711579099996015e-05
0,0,0.0010050571290776134
0,0,0.00021714737522415817
0,0,1.6807371139293537e-05
0,0,4.771171370521188e-05
0,0,0.17027823626995087
0,0,1.7007174392347224e-05
1,1,0.9632914662361145
0,0,4.7711942897876725e-05
0,0,1.90541977644898e-05
0,0,0.0021951778326183558
0,0,0.0013445350341498852
0,0,0.10700879991054535
0,0,0.1181659996509552
0,0,0.0005220712628215551
0,0,0.0038717130664736032
0,0,0.00021157666924409568
0,0,0.05722205713391304
0,0,0.004157759714871645
0,0,0.0028349710628390312
0,0,0.0012877548579126596
0,0,0.4310967028141022
0,0,1.696973413345404e-05
0,0,0.002943032421171665
0,0,0.0200909823179245
0,0,0.039572346955537796
0,0,0.08520293980836868
0,0,0.0010752748930826783
0,0,0.04680963605642319
0,0,0.00021045781613793224
0,0,0.010529936291277409
1,1,0.9996066689491272
0,0,4.771276144310832e-05
0,0,4.771248859469779e-05
0,0,0.0013361546443775296
0,0,0.001888613565824926
1,1,0.8318572044372559
0,0,0.051797471940517426
0,1,0.9137809872627258
1,1,0.978623628616333
0,0,4.7711393563076854e-05
0,0,0.007157978136092424
0,1,0.9358465075492859
0,0,4.77132125524804e-05
0,0,0.00297524337656796
0,0,0.021249599754810333
0,0,4.771176099893637e-05
0,1,0.8590465784072876
0,0,0.001958755776286125
0,0,2.0000092263217084e-05
0,0,0.02142840437591076
0,0,4.771148451254703e-05
0,0,0.007188173942267895
0,0,8.89686998561956e-05
1,1,0.9998713731765747
0,0,0.002758945804089308
0,0,4.770893792738207e-05
0,0,0.06345017999410629
0,0,0.0004816866712644696
0,0,4.771212479681708e-05
0,0,0.01876615546643734
0,0,1.6890378901734948e-05
0,1,0.9988762736320496
0,1,0.6134099364280701
0,0,0.00038984313141554594
0,1,0.9815189838409424
0,0,4.771248859469779e-05
0,0,0.00021850313351023942
0,0,0.00011698379967128858
0,0,0.2382698357105255
0,0,4.771212479681708e-05
0,0,1.6902318748179823e-05
0,0,0.262585312128067
0,0,4.771248859469779e-05
0,0,4.771221210830845e-05
0,0,4.7711804654682055e-05
0,0,0.0012339213863015175
0,0,4.77116227557417e-05
0,0,4.7711666411487386e-05
0,1,0.9809195399284363
0,0,4.7712394007248804e-05
0,0,4.7711942897876725e-05
0,0,4.7712666855659336e-05
0,0,0.0017563047586008906
0,0,0.00190207757987082
0,0,1.9122588128084317e-05
0,0,4.771221210830845e-05
0,0,4.7713532694615424e-05
0,0,0.0007000549812801182
0,0,0.00019730275380425155
0,0,4.771176099893637e-05
0,0,4.771221210830845e-05
0,0,0.0004239077679812908
0,0,0.0017764127114787698
0,0,4.771148451254703e-05
0,1,0.9076178669929504
0,0,0.00022790158982388675
0,0,4.7712306695757434e-05
0,0,1.6796588170109317e-05
0,0,4.7712030209368095e-05
0,0,4.7711942897876725e-05
0,0,1.692076875769999e-05
0,0,0.055793024599552155
0,0,1.678278567851521e-05
0,0,0.00022072480351198465
0,0,4.771212479681708e-05
0,0,4.771248859469779e-05
0,1,0.6892778277397156
0,0,0.0005943402647972107
0,0,1.9571598386391997e-05
0,1,0.8347874283790588
0,0,4.771198655362241e-05
0,0,0.0018363755661994219
0,1,0.6669531464576721
0,0,0.007314035203307867
0,1,0.7430476546287537
0,0,0.0017827332485467196
0,0,4.7711804654682055e-05
0,0,4.771176099893637e-05
0,0,0.23211443424224854
0,0,0.008752232417464256
0,0,1.6855316061992198e-05
0,0,0.11770062148571014
0,0,0.019359972327947617
0,0,0.0018219989724457264
0,0,0.03415948897600174
0,1,0.909980297088623
0,0,4.7711666411487386e-05
0,0,4.7712441300973296e-05
0,1,0.7486551403999329
0,0,4.771312524098903e-05
0,1,0.8902484178543091
0,0,0.005551869980990887
0,0,4.77132125524804e-05
0,0,4.7712030209368095e-05
0,0,1.9407443687669e-05
0,0,4.7712306695757434e-05
0,0,4.7713394451420754e-05
0,0,0.0016172525938600302
0,0,0.006759431678801775
0,0,1.688785050646402e-05
0,1,0.9076045751571655
0,0,4.7712394007248804e-05
0,1,0.8272101283073425
0,0,0.003490119706839323
0,0,0.013743949122726917
0,0,4.7711393563076854e-05
0,0,0.005950727500021458
0,0,4.7711393563076854e-05
0,0,0.015021046623587608
0,1,0.9750059247016907
0,0,0.0012128043454140425
0,0,0.006984136998653412
0,1,0.5796567797660828
0,0,0.00022362075105775148
0,0,4.771221210830845e-05
0,0,1.958093162102159e-05
0,0,4.771312524098903e-05
0,0,4.7711804654682055e-05
0,0,0.0004106698033865541
0,0,4.7712306695757434e-05
0,0,0.00022148543212097138
0,0,0.013177932240068913
0,0,0.007998956367373466
0,1,0.9832398295402527
0,0,0.15548130869865417
0,0,0.02708435244858265
0,1,0.7338933944702148
0,0,0.0071918778121471405
0,0,4.7712943342048675e-05
0,0,4.77132634841837e-05
0,0,0.00015468031051568687
0,0,4.771248859469779e-05
0,0,4.771248859469779e-05
0,0,7.926379475975409e-05
0,1,0.7500389814376831
0,0,0.0019277646206319332
0,0,0.4162024259567261
0,0,0.021896691992878914
0,0,4.7712666855659336e-05
0,0,0.3969514071941376
0,0,1.7072710761567578e-05
0,0,4.771221210830845e-05
0,0,0.0007907836697995663
0,0,4.771212479681708e-05
0,0,0.02828625589609146
0,0,0.015135887078940868
0,0,4.771198655362241e-05
0,0,0.002106851665303111
0,0,0.0008594224927946925
0,0,0.0027762146200984716
0,1,0.7903468012809753
0,1,0.6108590364456177
0,0,4.7711302613606676e-05
0,0,4.7711666411487386e-05
0,0,0.0013827572111040354
0,0,4.771171370521188e-05
0,1,0.7793761491775513
0,0,4.771176099893637e-05
0,0,0.0019572265446186066
0,0,0.4309462308883667
0,0,4.7711804654682055e-05
0,0,4.771212479681708e-05
0,0,4.771212479681708e-05
0,0,4.771198655362241e-05
0,0,4.771171370521188e-05
0,0,0.00042284713708795607
0,1,0.962531328201294
0,0,0.0002372049493715167
0,0,0.0006744517595507205
0,0,0.005511623341590166
0,1,0.8492758870124817
0,0,0.13596896827220917
0,0,0.00903849396854639
0,0,0.003975780215114355
0,0,0.003237346187233925
0,0,9.060916636371985e-05
0,0,0.07579828053712845
0,0,0.06661966443061829
0,0,4.7711302613606676e-05
0,0,4.77116227557417e-05
0,0,4.7711440856801346e-05
0,0,4.771284875459969e-05
0,0,4.7711666411487386e-05
0,0,0.00022576586343348026
0,0,0.0056039984337985516
0,0,4.77116227557417e-05
0,0,4.7712666855659336e-05
0,1,0.7258424162864685
0,0,0.015846000984311104
0,0,0.007658326532691717
0,0,0.0003389130288269371
0,1,0.7151086926460266
0,0,0.2300124615430832
0,0,4.771198655362241e-05
0,1,0.5607991814613342
0,0,4.771176099893637e-05
0,0,4.771198655362241e-05
0,0,4.771225940203294e-05
0,0,4.7712805098854005e-05
0,0,0.001082891714759171
0,0,0.023551419377326965
0,0,2.0384810341056436e-05
0,0,1.9963887098128907e-05
0,0,0.0019884847570210695
0,0,2.0153493096586317e-05
0,0,4.7712306695757434e-05
0,0,4.771221210830845e-05
0,0,0.10126912593841553
0,0,0.030849754810333252
0,0,0.001582736149430275
0,0,1.727477865642868e-05
0,0,0.007436076179146767
0,0,4.771221210830845e-05
0,0,0.005913503933697939
0,1,0.5819203853607178
0,0,4.7711393563076854e-05
0,0,1.6820969904074445e-05
0,0,0.0032053524628281593
0,0,4.7711393563076854e-05
0,0,9.123010386247188e-05
0,0,4.7711666411487386e-05
0,0,0.0443543940782547
0,0,0.19525456428527832
0,0,4.771148451254703e-05
0,0,0.0003946675860788673
0,0,0.0010615845676511526
0,0,4.7711804654682055e-05
0,0,0.45918598771095276
0,1,0.7790452837944031
0,0,0.00488660903647542
0,0,4.77116227557417e-05
0,0,0.1905251294374466
0,1,0.6710245013237
0,0,0.05897558480501175
0,0,4.77116227557417e-05
0,0,0.0010227876482531428
0,0,0.004790627397596836
0,0,0.001403291244059801
0,0,0.0010296573163941503
0,1,0.7172601819038391
0,0,0.00022110353165771812
0,0,1.6824980775709264e-05
0,1,0.6288438439369202
0,1,0.5038568377494812
0,1,0.6839903593063354
0,1,0.7190908193588257
0,0,4.7712030209368095e-05
0,0,0.35532891750335693
0,0,0.0044157193042337894
0,0,0.0019644005224108696
0,0,0.004924325738102198
0,0,4.7711393563076854e-05
0,0,4.771176099893637e-05
0,0,4.7711393563076854e-05
0,0,4.77132125524804e-05
0,0,0.0027355276979506016
0,0,0.16731108725070953
0,0,0.004474864806979895
0,1,0.5267699956893921
0,1,0.6493613123893738
0,0,4.7712394007248804e-05
0,0,4.7711666411487386e-05
0,0,4.7711942897876725e-05
0,1,0.5813717842102051
0,0,4.7712394007248804e-05
0,0,1.8899807400885038e-05
0,0,0.0002677782904356718
0,0,1.684635026322212e-05
0,0,1.690148019406479e-05
0,0,1.6942276488407515e-05
0,0,4.771148451254703e-05
0,0,0.03887265548110008
0,0,4.7711393563076854e-05
0,0,4.771189924213104e-05
0,0,0.00021172863489482552
0,0,4.771171370521188e-05
0,0,0.09569896757602692
0,0,0.02362479455769062
0,0,4.771184831042774e-05
0,0,4.771148451254703e-05
0,0,8.90712472028099e-05
0,1,0.5474105477333069
0,0,4.771184831042774e-05
0,0,0.0019993761088699102
0,0,0.0005911820917390287
0,0,0.00503975385800004
0,0,4.7711666411487386e-05
0,0,4.7712306695757434e-05
0,0,4.771148451254703e-05
0,0,0.0017914770869538188
0,0,0.0001406728697475046
0,0,0.047029800713062286
0,0,0.003448877250775695
0,0,0.4412990212440491
0,1,0.7441802620887756
0,1,0.7570868730545044
0,0,4.77116227557417e-05
0,0,4.7712030209368095e-05
0,0,0.002145994221791625
0,0,0.00023875285114627331
0,0,4.771276144310832e-05
0,0,4.771189924213104e-05
0,0,4.7712306695757434e-05
0,0,2.036617479461711e-05
0,0,4.771221210830845e-05
0,0,4.771184831042774e-05
0,0,0.00026871051522903144
0,0,0.0027170623652637005
0,0,0.0004271757206879556
0,0,0.0005577165866270661
0,1,0.6121240258216858
0,0,4.7711666411487386e-05
0,0,0.008862655609846115
0,0,0.0015962313627824187
0,0,9.303852129960433e-05
0,0,0.014214265160262585
0,0,0.3694393038749695
0,0,0.0016385846538469195
0,0,0.10822799056768417
0,0,4.771189924213104e-05
0,0,0.38081637024879456
0,0,1.6866604710230604e-05
0,0,0.013838525861501694
0,0,4.7712306695757434e-05
0,0,4.7711393563076854e-05
0,0,0.32530465722084045
0,0,0.0002284679067088291
0,0,4.770911982632242e-05
0,1,0.5413272976875305
0,1,0.7199974060058594
0,0,1.6930678611970507e-05
0,0,0.01510838232934475
0,0,0.0003359746187925339
0,0,0.017815707251429558
0,0,4.771171370521188e-05
0,0,0.030497215688228607
0,0,0.47539225220680237
0,0,0.003315660869702697
0,0,0.3584806025028229
0,0,0.0005196222336962819
0,0,1.6809246517368592e-05
0,0,0.03032647632062435
0,0,4.7712394007248804e-05
0,0,0.00022164935944601893
0,0,0.0011604985920712352
0,1,0.523108720779419
0,0,0.00020639492140617222
0,0,1.6843587218318135e-05
0,0,0.345308393239975
0,0,0.1401469111442566
0,0,4.771312524098903e-05
0,1,0.5466119647026062
0,0,0.0012269415892660618
0,0,0.00021893545635975897
0,1,0.530716598033905
0,0,4.7711302613606676e-05
0,0,0.037542037665843964
0,0,0.017691081389784813
0,0,4.7712306695757434e-05
0,0,0.003217157209292054
0,0,0.33038046956062317
0,0,0.0012845632154494524
0,0,4.771171370521188e-05
0,0,0.03038100339472294
0,0,0.09215791523456573
0,1,0.6063505411148071
0,0,0.010943266563117504
0,0,1.6807451174827293e-05
0,0,4.7711579099996015e-05
0,0,0.0006525481003336608
0,0,0.3572223484516144
0,0,0.0003241331723984331
0,1,0.5464462637901306
0,0,4.7711579099996015e-05
0,1,0.7508376836776733
0,0,0.3430931866168976
0,0,0.39800605177879333
0,0,4.77112116641365e-05
0,1,0.8062787652015686
0,0,0.001972494414076209
0,0,4.7711579099996015e-05
0,0,0.06471772491931915
0,1,0.6374385356903076
0,0,1.707290721242316e-05
0,0,4.770884697791189e-05
0,0,0.0007990017184056342
0,0,1.695870014373213e-05
0,0,0.08340613543987274
0,0,4.771153180627152e-05
0,0,0.00046200468204915524
0,0,0.4181272089481354
0,0,4.7712579544167966e-05
0,0,0.2948928773403168
0,0,0.001611543819308281
0,0,4.7712666855659336e-05
0,0,4.77116227557417e-05
0,0,4.7711804654682055e-05
0,0,0.4151743948459625
0,0,0.35191020369529724
0,0,4.771189924213104e-05
0,0,1.9631939721875824e-05
0,0,1.9606979549280368e-05
0,0,4.771248859469779e-05
0,0,4.771176099893637e-05
0,0,0.03417237475514412
0,0,1.928589517774526e-05
